ID;nome;profissao;idade
1;Mandy;Production Painter;62
2;Bob;Inspector;20
3;Gabriel;IT Support Staff;14
4;Fiona;Baker;54
5;Ryan;Dentist;51
6;Claire;Investment  Advisor;26
7;Daron;Electrician;55
8;Alexander;Operator;48
9;Nate;Clerk;30
10;Mike;Laboratory Technician;40
11;Kenzie;Clerk;56
12;Cassidy;Call Center Representative;40
13;Alison;Mobile Developer;36
14;Angelica;Baker;46
15;Johnny;Operator;39
16;Maxwell;Cook;31
17;Rocco;Paramedic;44
18;Gabriel;Insurance Broker;35
19;Ruth;Software Engineer;49
20;Peter;Project Manager;41
21;Javier;Inspector;45
22;Lucas;IT Support Staff;49
23;Anthony;Service Supervisor;49
24;Tiffany;Call Center Representative;60
25;Analise;Lecturer;35
26;Gil;Operator;55
27;David;CNC Operator;46
28;Winnie;Assistant Buyer;10
29;Daron;Stockbroker;51
30;Melania;Pharmacist;56
31;Jocelyn;Production Painter;52
32;Percy;Physician;60
33;Norah;Project Manager;51
34;Benjamin;HR Coordinator;46
35;Valerie;Cashier;21
36;Kimberly;Insurance Broker;24
37;Ema;Baker;48
38;Tom;Production Painter;50
39;Logan;Pharmacist;35
40;Leah;Lecturer;20
41;Marvin;Electrician;14
42;Lynn;Laboratory Technician;49
43;Alan;Baker;12
44;Manuel;Front Desk Coordinator;39
45;Florence;IT Support Staff;29
46;Alexander;Pharmacist;69
47;Chadwick;Webmaster;13
48;Nick;Fabricator;20
49;Carl;Clerk;26
50;Georgia;Clerk;23
51;Carina;Doctor;43
52;Ryan;Project Manager;28
53;Eden;CNC Operator;16
54;Anabel;Audiologist;57
55;Cynthia;Paramedic;28
56;Ally;Business Broker;67
57;Barry;Chef Manager;41
58;Roger;Cashier;55
59;Alexa;Production Painter;12
60;Camila;Chef Manager;48
61;Maxwell;Production Painter;69
62;William;Physician;29
63;Enoch;Web Developer;40
64;Alessandra;Machine Operator;49
65;Leroy;IT Support Staff;31
66;Evie;Bellman;32
67;Elijah;Accountant;38
68;Christine;Designer;45
69;Megan;CNC Operator;28
70;Penelope;Physician;13
71;Percy;Operator;40
72;Mike;Inspector;40
73;Tom;Audiologist;31
74;Alba;Staffing Consultant;58
75;Alan;Global Logistics Supervisor;26
76;Rosalee;Call Center Representative;27
77;Maribel;Investment  Advisor;44
78;Lucas;Web Developer;40
79;Luke;Production Painter;11
80;Amelia;Physician;38
81;Logan;CNC Operator;53
82;Rocco;Budget Analyst;21
83;Javier;Fabricator;23
84;Maxwell;Design Engineer;54
85;Angelica;Auditor;28
86;Lara;Doctor;15
87;Helen;Clerk;47
88;Nick;Fabricator;48
89;Brad;Bellman;63
90;Daniel;Accountant;55
91;Henry;Stockbroker;17
92;Elle;Fabricator;45
93;Violet;Budget Analyst;17
94;Cara;Banker;61
95;Maria;CNC Operator;11
96;Adalie;Machine Operator;26
97;Emely;Audiologist;16
98;Jack;Machine Operator;43
99;Marvin;Cash Manager;37
100;Margot;Operator;56
101;Ramon;Mobile Developer;45
102;Ronald;Bellman;46
103;Javier;Cashier;18
104;Sloane;Webmaster;14
105;Michael;Steward;55
106;Sabrina;Chef Manager;48
107;Kieth;Auditor;38
108;Ruby;Cashier;39
109;Crystal;Doctor;25
110;Carl;Baker;11
111;Susan;Bookkeeper;10
112;Keira;Biologist;65
113;Rihanna;Business Broker;10
114;Roger;Associate Professor;56
115;Piper;IT Support Staff;64
116;Gemma;Global Logistics Supervisor;60
117;Logan;Business Broker;54
118;Maia;Electrician;23
119;Gil;Healthcare Specialist;51
120;Makena;Webmaster;44
121;Thea;Stockbroker;50
122;Mark;Staffing Consultant;67
123;Julianna;Executive Director;39
124;Alice;Banker;65
125;Iris;Fabricator;29
126;Leslie;Service Supervisor;33
127;Cedrick;Stockbroker;66
128;Michael;Cook;19
129;Liam;Mobile Developer;16
130;Henry;Physician;43
131;Javier;Bookkeeper;46
132;Ethan;Mobile Developer;53
133;Denny;Production Painter;28
134;Macy;Business Broker;39
135;Isabel;Fabricator;38
136;Luna;Fabricator;34
137;Luna;Steward;57
138;Alexander;Web Developer;11
139;Rae;Food Technologist;27
140;Alan;Operator;31
141;Margot;Stockbroker;36
142;Elijah;Paramedic;23
143;Bart;CNC Operator;27
144;Janelle;Dentist;57
145;Melody;Electrician;10
146;Matthew;Treasurer;27
147;Ryan;Service Supervisor;51
148;Skylar;Baker;63
149;Bryce;Business Broker;32
150;Danny;IT Support Staff;53
151;Liam;Project Manager;62
152;Noah;Steward;37
153;Elijah;Cash Manager;54
154;Alexander;Healthcare Specialist;46
155;Marjorie;Healthcare Specialist;32
156;Hadley;Bellman;66
157;Henry;Executive Director;18
158;Hanna;Pharmacist;28
159;Tom;Design Engineer;22
160;Eduardo;Audiologist;25
161;Lucas;Designer;69
162;Vivian;Accountant;55
163;Martha;Dentist;22
164;Barney;Baker;37
165;Barney;Retail Trainee;56
166;Nicole;Budget Analyst;57
167;Chuck;Stockbroker;47
168;Gina;Auditor;31
169;Matt;HR Coordinator;66
170;Angelique;Health Educator;11
171;Eduardo;Biologist;33
172;Manuel;HR Coordinator;59
173;Liam;Front Desk Coordinator;46
174;Phillip;Project Manager;42
175;Nathan;Operator;43
176;Danny;Investment  Advisor;37
177;Samantha;Business Broker;34
178;Jack;IT Support Staff;58
179;Ethan;Project Manager;26
180;Javier;Designer;27
181;Kate;Pharmacist;46
182;Mark;Call Center Representative;36
183;Noemi;Steward;47
184;Denis;Doctor;12
185;Macy;Systems Administrator;64
186;Chris;Production Painter;17
187;George;Banker;43
188;Emerald;Associate Professor;51
189;Scarlett;Staffing Consultant;57
190;Catherine;Global Logistics Supervisor;28
191;Ron;Audiologist;62
192;Belinda;Lecturer;60
193;Kieth;Production Painter;17
194;Leroy;Mobile Developer;45
195;Carter;Web Developer;18
196;Rhea;Stockbroker;22
197;Francesca;Health Educator;49
198;Jack;Ambulatory Nurse;11
199;Camila;Stockbroker;14
200;Mandy;Treasurer;46
201;Savannah;Production Painter;47
202;Cecilia;Accountant;67
203;Vicky;Ambulatory Nurse;53
204;Trisha;Banker;10
205;Analise;Bookkeeper;65
206;Adalie;Physician;40
207;Rosie;Executive Director;61
208;Allison;Mobile Developer;49
209;Logan;Web Developer;25
210;Elijah;Pharmacist;69
211;Russel;Call Center Representative;38
212;Phillip;Clerk;60
213;Logan;Doctor;59
214;Liam;Web Developer;10
215;David;HR Specialist;44
216;Nick;Cook;42
217;Sara;Production Painter;61
218;Cadence;Mobile Developer;49
219;Hayden;Operator;67
220;Ronald;IT Support Staff;67
221;Manuel;Cashier;47
222;Olivia;Executive Director;24
223;Ethan;Biologist;31
224;Ruby;Budget Analyst;47
225;Margot;Business Broker;29
226;Fred;Chef Manager;61
227;Carrie;Software Engineer;20
228;Wade;Assistant Buyer;47
229;Bart;Budget Analyst;43
230;Noah;Cash Manager;48
231;Chadwick;IT Support Staff;24
232;Hank;IT Support Staff;51
233;Barry;Bellman;22
234;Tony;Auditor;27
235;Alice;Design Engineer;51
236;Joy;Retail Trainee;20
237;Ronald;Machine Operator;19
238;Angela;Physician;11
239;Peter;Cashier;50
240;Hank;Systems Administrator;15
241;Stella;Inspector;59
242;Michelle;Global Logistics Supervisor;40
243;Alessandra;Laboratory Technician;51
244;Teagan;Lecturer;40
245;Jayden;Bookkeeper;13
246;Mark;Bookkeeper;23
247;Julia;Health Educator;35
248;Sonya;Project Manager;25
249;Harmony;Clerk;15
250;Chadwick;Food Technologist;67
251;Bristol;Bellman;48
252;Bryce;Physician;21
253;Kurt;Cook;67
254;Matthew;Biologist;58
255;Samantha;Steward;21
256;Nicholas;Electrician;63
257;Hayden;Project Manager;27
258;Aiden;Banker;57
259;Logan;Systems Administrator;25
260;Sage;Front Desk Coordinator;66
261;Elijah;Mobile Developer;12
262;Aurelia;Service Supervisor;65
263;Joseph;HR Coordinator;60
264;Kurt;Service Supervisor;67
265;Carl;Chef Manager;10
266;Natalie;Restaurant Manager;33
267;Sara;Software Engineer;45
268;Sylvia;Mobile Developer;13
269;Marvin;Software Engineer;63
270;Owen;Web Developer;18
271;Carissa;Electrician;27
272;Barney;Cook;40
273;Rosa;Machine Operator;19
274;Karla;Web Developer;30
275;Marvin;Web Developer;69
276;Jessica;Inspector;24
277;Rosa;Physician;17
278;Doug;Designer;62
279;Adela;Food Technologist;48
280;Hayden;Systems Administrator;55
281;Cara;Call Center Representative;17
282;Nathan;Baker;10
283;Jaylene;Service Supervisor;47
284;Hadley;Machine Operator;55
285;Faith;Dentist;56
286;Phoebe;Baker;69
287;Ema;Doctor;34
288;Benny;Operator;20
289;Tyson;Systems Administrator;25
290;Alexander;Production Painter;59
291;Nick;Designer;58
292;Michael;Chef Manager;54
293;Wade;Physician;15
294;Kate;Fabricator;57
295;Margaret;Physician;57
296;Anthony;Call Center Representative;33
297;Ivy;Healthcare Specialist;12
298;Nick;Laboratory Technician;28
299;Maia;Cashier;18
300;Ruth;HR Coordinator;16
301;Peter;Operator;18
302;Joseph;Ambulatory Nurse;30
303;Liv;Physician;69
304;Gladys;Electrician;40
305;Enoch;Accountant;36
306;Tania;Design Engineer;15
307;Gwenyth;Healthcare Specialist;42
308;Liv;Budget Analyst;21
309;Karla;Baker;51
310;Vera;Cashier;53
311;Daniel;Insurance Broker;33
312;Marvin;Banker;10
313;Morgan;Accountant;37
314;Chad;Operator;12
315;Matthew;Project Manager;65
316;Alexander;Call Center Representative;26
317;Parker;Doctor;11
318;Priscilla;Ambulatory Nurse;29
319;Trisha;Fabricator;31
320;Nicole;Business Broker;67
321;Leroy;CNC Operator;64
322;Barney;Banker;28
323;Noemi;Mobile Developer;32
324;Lara;Associate Professor;37
325;Ruby;Banker;52
326;Emma;Clerk;45
327;Julia;Food Technologist;49
328;Peter;Health Educator;22
329;Aurelia;Executive Director;23
330;Julian;Lecturer;31
331;Emma;Webmaster;15
332;Payton;Operator;15
333;Kamila;Dentist;19
334;Phoebe;Project Manager;28
335;Eryn;Staffing Consultant;51
336;Mark;HR Specialist;12
337;Callie;Global Logistics Supervisor;33
338;Payton;Lecturer;42
339;Christy;Baker;69
340;Rowan;Restaurant Manager;33
341;Irene;Cash Manager;46
342;Daria;Retail Trainee;23
343;Molly;Budget Analyst;38
344;Emmanuelle;Investment  Advisor;12
345;Juliette;Restaurant Manager;15
346;Russel;Ambulatory Nurse;30
347;Maya;Investment  Advisor;34
348;Alison;Paramedic;21
349;Barney;Cook;22
350;Domenic;Call Center Representative;50
351;Erica;Design Engineer;27
352;Percy;Cashier;69
353;Bryon;Dentist;67
354;Gil;Laboratory Technician;51
355;Anthony;Webmaster;62
356;Eve;Web Developer;69
357;Paige;Investment  Advisor;18
358;Tyler;Bellman;41
359;Chris;Inspector;56
360;David;Paramedic;69
361;Harmony;Steward;51
362;Carter;Service Supervisor;19
363;Alexander;Executive Director;12
364;Abdul;Executive Director;30
365;Chadwick;Bookkeeper;15
366;Shay;Biologist;26
367;Michael;Laboratory Technician;60
368;Erin;Lecturer;34
369;Caleb;Software Engineer;54
370;Melinda;HR Specialist;45
371;Maddison;Restaurant Manager;41
372;Thea;Call Center Representative;13
373;Miriam;Audiologist;54
374;Samara;Laboratory Technician;12
375;Harvey;Ambulatory Nurse;36
376;Matt;Pharmacist;47
377;Mark;Inspector;31
378;Melania;Biologist;59
379;Maxwell;Clerk;55
380;Penelope;Auditor;29
381;Ally;Project Manager;38
382;Felicity;Steward;28
383;Tiffany;Business Broker;63
384;Destiny;Bookkeeper;39
385;Caleb;Healthcare Specialist;13
386;John;Banker;61
387;Chloe;Baker;17
388;Chadwick;Bellman;41
389;Henry;Cook;54
390;Maribel;Global Logistics Supervisor;34
391;Evelynn;Inspector;39
392;Boris;Machine Operator;57
393;Bernadette;Global Logistics Supervisor;39
394;Manuel;Cash Manager;48
395;Laila;Physician;26
396;Doug;Steward;11
397;Willow;CNC Operator;11
398;Bart;Cook;36
399;Maria;Operator;32
400;Alessia;Bellman;25
401;Maribel;Assistant Buyer;17
402;Amelia;Executive Director;13
403;Josh;Biologist;57
404;Alice;Banker;24
405;Tom;HR Coordinator;23
406;Carina;Global Logistics Supervisor;32
407;Mark;Assistant Buyer;67
408;Daniel;Accountant;49
409;Barry;Ambulatory Nurse;62
410;Grace;Ambulatory Nurse;14
411;Carter;Associate Professor;19
412;Boris;Accountant;30
413;Harry;Treasurer;32
414;Drew;Webmaster;21
415;Bryon;Budget Analyst;30
416;Matthew;Pharmacist;61
417;Anthony;Biologist;64
418;Henry;Food Technologist;45
419;Rocco;Accountant;59
420;Rae;Banker;59
421;Chadwick;Bellman;34
422;Anthony;Business Broker;31
423;Crystal;Bellman;65
424;Deborah;Investment  Advisor;19
425;Jacob;Lecturer;38
426;Faith;Investment  Advisor;61
427;Wade;Stockbroker;53
428;Julius;Machine Operator;25
429;Boris;Baker;37
430;Caitlyn;Insurance Broker;46
431;Leroy;Retail Trainee;62
432;Valentina;Designer;39
433;Abbey;Inspector;14
434;Chris;Assistant Buyer;42
435;Javier;Systems Administrator;63
436;Nina;HR Coordinator;10
437;Stephanie;Mobile Developer;50
438;Erick;Audiologist;22
439;Aileen;Biologist;61
440;Alma;Stockbroker;42
441;Johnny;Restaurant Manager;27
442;Owen;Healthcare Specialist;64
443;Rocco;Design Engineer;42
444;Maria;Physician;37
445;Camden;Ambulatory Nurse;25
446;Shannon;Treasurer;56
447;Matthew;IT Support Staff;69
448;Marigold;Design Engineer;52
449;Leroy;Operator;58
450;Oliver;Cash Manager;59
451;Martin;Software Engineer;61
452;Mabel;Front Desk Coordinator;54
453;Javier;Staffing Consultant;11
454;George;HR Specialist;43
455;Nathan;Clerk;68
456;John;Project Manager;19
457;Owen;Web Developer;46
458;Evelynn;Doctor;55
459;Benny;Insurance Broker;64
460;Nancy;Accountant;59
461;Anne;Physician;51
462;Nicholas;Executive Director;57
463;Jayden;Cashier;60
464;Jaylene;Call Center Representative;23
465;Aiden;Baker;58
466;Angelina;Assistant Buyer;61
467;Mandy;Business Broker;36
468;Penelope;Assistant Buyer;43
469;Matthew;Clerk;38
470;Denny;Treasurer;20
471;Lorraine;Front Desk Coordinator;54
472;Jasmine;Machine Operator;45
473;Bob;Cashier;30
474;Clint;Fabricator;48
475;Oliver;Insurance Broker;47
476;Leroy;HR Specialist;18
477;Cristal;Bookkeeper;27
478;Ethan;Health Educator;23
479;Elijah;Service Supervisor;27
480;Doug;Webmaster;42
481;Kassandra;Webmaster;25
482;Chadwick;CNC Operator;42
483;Carter;IT Support Staff;22
484;Alexia;Inspector;51
485;Jocelyn;Restaurant Manager;45
486;Mona;Operator;55
487;Roger;Software Engineer;32
488;Denis;Investment  Advisor;12
489;Barry;Production Painter;50
490;Joseph;Front Desk Coordinator;22
491;Wade;Executive Director;58
492;Sharon;Call Center Representative;40
493;Daphne;HR Coordinator;20
494;Noah;Loan Officer;45
495;Abdul;Laboratory Technician;52
496;Harry;HR Coordinator;55
497;Tyson;Business Broker;32
498;Mark;Banker;48
499;Anthony;Treasurer;33
500;Gabriel;Project Manager;64

