ID;nome;profissao;idade
500;Gabriel;Project Manager;64
499;Anthony;Treasurer;33
498;Mark;Banker;48
497;Tyson;Business Broker;32
496;Harry;HR Coordinator;55
495;Abdul;Laboratory Technician;52
494;Noah;Loan Officer;45
493;Daphne;HR Coordinator;20
492;Sharon;Call Center Representative;40
491;Wade;Executive Director;58
490;Joseph;Front Desk Coordinator;22
489;Barry;Production Painter;50
488;Denis;Investment  Advisor;12
487;Roger;Software Engineer;32
486;Mona;Operator;55
485;Jocelyn;Restaurant Manager;45
484;Alexia;Inspector;51
483;Carter;IT Support Staff;22
482;Chadwick;CNC Operator;42
481;Kassandra;Webmaster;25
480;Doug;Webmaster;42
479;Elijah;Service Supervisor;27
478;Ethan;Health Educator;23
477;Cristal;Bookkeeper;27
476;Leroy;HR Specialist;18
475;Oliver;Insurance Broker;47
474;Clint;Fabricator;48
473;Bob;Cashier;30
472;Jasmine;Machine Operator;45
471;Lorraine;Front Desk Coordinator;54
470;Denny;Treasurer;20
469;Matthew;Clerk;38
468;Penelope;Assistant Buyer;43
467;Mandy;Business Broker;36
466;Angelina;Assistant Buyer;61
465;Aiden;Baker;58
464;Jaylene;Call Center Representative;23
463;Jayden;Cashier;60
462;Nicholas;Executive Director;57
461;Anne;Physician;51
460;Nancy;Accountant;59
459;Benny;Insurance Broker;64
458;Evelynn;Doctor;55
457;Owen;Web Developer;46
456;John;Project Manager;19
455;Nathan;Clerk;68
454;George;HR Specialist;43
453;Javier;Staffing Consultant;11
452;Mabel;Front Desk Coordinator;54
451;Martin;Software Engineer;61
450;Oliver;Cash Manager;59
449;Leroy;Operator;58
448;Marigold;Design Engineer;52
447;Matthew;IT Support Staff;69
446;Shannon;Treasurer;56
445;Camden;Ambulatory Nurse;25
444;Maria;Physician;37
443;Rocco;Design Engineer;42
442;Owen;Healthcare Specialist;64
441;Johnny;Restaurant Manager;27
440;Alma;Stockbroker;42
439;Aileen;Biologist;61
438;Erick;Audiologist;22
437;Stephanie;Mobile Developer;50
436;Nina;HR Coordinator;10
435;Javier;Systems Administrator;63
434;Chris;Assistant Buyer;42
433;Abbey;Inspector;14
432;Valentina;Designer;39
431;Leroy;Retail Trainee;62
430;Caitlyn;Insurance Broker;46
429;Boris;Baker;37
428;Julius;Machine Operator;25
427;Wade;Stockbroker;53
426;Faith;Investment  Advisor;61
425;Jacob;Lecturer;38
424;Deborah;Investment  Advisor;19
423;Crystal;Bellman;65
422;Anthony;Business Broker;31
421;Chadwick;Bellman;34
420;Rae;Banker;59
419;Rocco;Accountant;59
418;Henry;Food Technologist;45
417;Anthony;Biologist;64
416;Matthew;Pharmacist;61
415;Bryon;Budget Analyst;30
414;Drew;Webmaster;21
413;Harry;Treasurer;32
412;Boris;Accountant;30
411;Carter;Associate Professor;19
410;Grace;Ambulatory Nurse;14
409;Barry;Ambulatory Nurse;62
408;Daniel;Accountant;49
407;Mark;Assistant Buyer;67
406;Carina;Global Logistics Supervisor;32
405;Tom;HR Coordinator;23
404;Alice;Banker;24
403;Josh;Biologist;57
402;Amelia;Executive Director;13
401;Maribel;Assistant Buyer;17
400;Alessia;Bellman;25
399;Maria;Operator;32
398;Bart;Cook;36
397;Willow;CNC Operator;11
396;Doug;Steward;11
395;Laila;Physician;26
394;Manuel;Cash Manager;48
393;Bernadette;Global Logistics Supervisor;39
392;Boris;Machine Operator;57
391;Evelynn;Inspector;39
390;Maribel;Global Logistics Supervisor;34
389;Henry;Cook;54
388;Chadwick;Bellman;41
387;Chloe;Baker;17
386;John;Banker;61
385;Caleb;Healthcare Specialist;13
384;Destiny;Bookkeeper;39
383;Tiffany;Business Broker;63
382;Felicity;Steward;28
381;Ally;Project Manager;38
380;Penelope;Auditor;29
379;Maxwell;Clerk;55
378;Melania;Biologist;59
377;Mark;Inspector;31
376;Matt;Pharmacist;47
375;Harvey;Ambulatory Nurse;36
374;Samara;Laboratory Technician;12
373;Miriam;Audiologist;54
372;Thea;Call Center Representative;13
371;Maddison;Restaurant Manager;41
370;Melinda;HR Specialist;45
369;Caleb;Software Engineer;54
368;Erin;Lecturer;34
367;Michael;Laboratory Technician;60
366;Shay;Biologist;26
365;Chadwick;Bookkeeper;15
364;Abdul;Executive Director;30
363;Alexander;Executive Director;12
362;Carter;Service Supervisor;19
361;Harmony;Steward;51
360;David;Paramedic;69
359;Chris;Inspector;56
358;Tyler;Bellman;41
357;Paige;Investment  Advisor;18
356;Eve;Web Developer;69
355;Anthony;Webmaster;62
354;Gil;Laboratory Technician;51
353;Bryon;Dentist;67
352;Percy;Cashier;69
351;Erica;Design Engineer;27
350;Domenic;Call Center Representative;50
349;Barney;Cook;22
348;Alison;Paramedic;21
347;Maya;Investment  Advisor;34
346;Russel;Ambulatory Nurse;30
345;Juliette;Restaurant Manager;15
344;Emmanuelle;Investment  Advisor;12
343;Molly;Budget Analyst;38
342;Daria;Retail Trainee;23
341;Irene;Cash Manager;46
340;Rowan;Restaurant Manager;33
339;Christy;Baker;69
338;Payton;Lecturer;42
337;Callie;Global Logistics Supervisor;33
336;Mark;HR Specialist;12
335;Eryn;Staffing Consultant;51
334;Phoebe;Project Manager;28
333;Kamila;Dentist;19
332;Payton;Operator;15
331;Emma;Webmaster;15
330;Julian;Lecturer;31
329;Aurelia;Executive Director;23
328;Peter;Health Educator;22
327;Julia;Food Technologist;49
326;Emma;Clerk;45
325;Ruby;Banker;52
324;Lara;Associate Professor;37
323;Noemi;Mobile Developer;32
322;Barney;Banker;28
321;Leroy;CNC Operator;64
320;Nicole;Business Broker;67
319;Trisha;Fabricator;31
318;Priscilla;Ambulatory Nurse;29
317;Parker;Doctor;11
316;Alexander;Call Center Representative;26
315;Matthew;Project Manager;65
314;Chad;Operator;12
313;Morgan;Accountant;37
312;Marvin;Banker;10
311;Daniel;Insurance Broker;33
310;Vera;Cashier;53
309;Karla;Baker;51
308;Liv;Budget Analyst;21
307;Gwenyth;Healthcare Specialist;42
306;Tania;Design Engineer;15
305;Enoch;Accountant;36
304;Gladys;Electrician;40
303;Liv;Physician;69
302;Joseph;Ambulatory Nurse;30
301;Peter;Operator;18
300;Ruth;HR Coordinator;16
299;Maia;Cashier;18
298;Nick;Laboratory Technician;28
297;Ivy;Healthcare Specialist;12
296;Anthony;Call Center Representative;33
295;Margaret;Physician;57
294;Kate;Fabricator;57
293;Wade;Physician;15
292;Michael;Chef Manager;54
291;Nick;Designer;58
290;Alexander;Production Painter;59
289;Tyson;Systems Administrator;25
288;Benny;Operator;20
287;Ema;Doctor;34
286;Phoebe;Baker;69
285;Faith;Dentist;56
284;Hadley;Machine Operator;55
283;Jaylene;Service Supervisor;47
282;Nathan;Baker;10
281;Cara;Call Center Representative;17
280;Hayden;Systems Administrator;55
279;Adela;Food Technologist;48
278;Doug;Designer;62
277;Rosa;Physician;17
276;Jessica;Inspector;24
275;Marvin;Web Developer;69
274;Karla;Web Developer;30
273;Rosa;Machine Operator;19
272;Barney;Cook;40
271;Carissa;Electrician;27
270;Owen;Web Developer;18
269;Marvin;Software Engineer;63
268;Sylvia;Mobile Developer;13
267;Sara;Software Engineer;45
266;Natalie;Restaurant Manager;33
265;Carl;Chef Manager;10
264;Kurt;Service Supervisor;67
263;Joseph;HR Coordinator;60
262;Aurelia;Service Supervisor;65
261;Elijah;Mobile Developer;12
260;Sage;Front Desk Coordinator;66
259;Logan;Systems Administrator;25
258;Aiden;Banker;57
257;Hayden;Project Manager;27
256;Nicholas;Electrician;63
255;Samantha;Steward;21
254;Matthew;Biologist;58
253;Kurt;Cook;67
252;Bryce;Physician;21
251;Bristol;Bellman;48
250;Chadwick;Food Technologist;67
249;Harmony;Clerk;15
248;Sonya;Project Manager;25
247;Julia;Health Educator;35
246;Mark;Bookkeeper;23
245;Jayden;Bookkeeper;13
244;Teagan;Lecturer;40
243;Alessandra;Laboratory Technician;51
242;Michelle;Global Logistics Supervisor;40
241;Stella;Inspector;59
240;Hank;Systems Administrator;15
239;Peter;Cashier;50
238;Angela;Physician;11
237;Ronald;Machine Operator;19
236;Joy;Retail Trainee;20
235;Alice;Design Engineer;51
234;Tony;Auditor;27
233;Barry;Bellman;22
232;Hank;IT Support Staff;51
231;Chadwick;IT Support Staff;24
230;Noah;Cash Manager;48
229;Bart;Budget Analyst;43
228;Wade;Assistant Buyer;47
227;Carrie;Software Engineer;20
226;Fred;Chef Manager;61
225;Margot;Business Broker;29
224;Ruby;Budget Analyst;47
223;Ethan;Biologist;31
222;Olivia;Executive Director;24
221;Manuel;Cashier;47
220;Ronald;IT Support Staff;67
219;Hayden;Operator;67
218;Cadence;Mobile Developer;49
217;Sara;Production Painter;61
216;Nick;Cook;42
215;David;HR Specialist;44
214;Liam;Web Developer;10
213;Logan;Doctor;59
212;Phillip;Clerk;60
211;Russel;Call Center Representative;38
210;Elijah;Pharmacist;69
209;Logan;Web Developer;25
208;Allison;Mobile Developer;49
207;Rosie;Executive Director;61
206;Adalie;Physician;40
205;Analise;Bookkeeper;65
204;Trisha;Banker;10
203;Vicky;Ambulatory Nurse;53
202;Cecilia;Accountant;67
201;Savannah;Production Painter;47
200;Mandy;Treasurer;46
199;Camila;Stockbroker;14
198;Jack;Ambulatory Nurse;11
197;Francesca;Health Educator;49
196;Rhea;Stockbroker;22
195;Carter;Web Developer;18
194;Leroy;Mobile Developer;45
193;Kieth;Production Painter;17
192;Belinda;Lecturer;60
191;Ron;Audiologist;62
190;Catherine;Global Logistics Supervisor;28
189;Scarlett;Staffing Consultant;57
188;Emerald;Associate Professor;51
187;George;Banker;43
186;Chris;Production Painter;17
185;Macy;Systems Administrator;64
184;Denis;Doctor;12
183;Noemi;Steward;47
182;Mark;Call Center Representative;36
181;Kate;Pharmacist;46
180;Javier;Designer;27
179;Ethan;Project Manager;26
178;Jack;IT Support Staff;58
177;Samantha;Business Broker;34
176;Danny;Investment  Advisor;37
175;Nathan;Operator;43
174;Phillip;Project Manager;42
173;Liam;Front Desk Coordinator;46
172;Manuel;HR Coordinator;59
171;Eduardo;Biologist;33
170;Angelique;Health Educator;11
169;Matt;HR Coordinator;66
168;Gina;Auditor;31
167;Chuck;Stockbroker;47
166;Nicole;Budget Analyst;57
165;Barney;Retail Trainee;56
164;Barney;Baker;37
163;Martha;Dentist;22
162;Vivian;Accountant;55
161;Lucas;Designer;69
160;Eduardo;Audiologist;25
159;Tom;Design Engineer;22
158;Hanna;Pharmacist;28
157;Henry;Executive Director;18
156;Hadley;Bellman;66
155;Marjorie;Healthcare Specialist;32
154;Alexander;Healthcare Specialist;46
153;Elijah;Cash Manager;54
152;Noah;Steward;37
151;Liam;Project Manager;62
150;Danny;IT Support Staff;53
149;Bryce;Business Broker;32
148;Skylar;Baker;63
147;Ryan;Service Supervisor;51
146;Matthew;Treasurer;27
145;Melody;Electrician;10
144;Janelle;Dentist;57
143;Bart;CNC Operator;27
142;Elijah;Paramedic;23
141;Margot;Stockbroker;36
140;Alan;Operator;31
139;Rae;Food Technologist;27
138;Alexander;Web Developer;11
137;Luna;Steward;57
136;Luna;Fabricator;34
135;Isabel;Fabricator;38
134;Macy;Business Broker;39
133;Denny;Production Painter;28
132;Ethan;Mobile Developer;53
131;Javier;Bookkeeper;46
130;Henry;Physician;43
129;Liam;Mobile Developer;16
128;Michael;Cook;19
127;Cedrick;Stockbroker;66
126;Leslie;Service Supervisor;33
125;Iris;Fabricator;29
124;Alice;Banker;65
123;Julianna;Executive Director;39
122;Mark;Staffing Consultant;67
121;Thea;Stockbroker;50
120;Makena;Webmaster;44
119;Gil;Healthcare Specialist;51
118;Maia;Electrician;23
117;Logan;Business Broker;54
116;Gemma;Global Logistics Supervisor;60
115;Piper;IT Support Staff;64
114;Roger;Associate Professor;56
113;Rihanna;Business Broker;10
112;Keira;Biologist;65
111;Susan;Bookkeeper;10
110;Carl;Baker;11
109;Crystal;Doctor;25
108;Ruby;Cashier;39
107;Kieth;Auditor;38
106;Sabrina;Chef Manager;48
105;Michael;Steward;55
104;Sloane;Webmaster;14
103;Javier;Cashier;18
102;Ronald;Bellman;46
101;Ramon;Mobile Developer;45
100;Margot;Operator;56
99;Marvin;Cash Manager;37
98;Jack;Machine Operator;43
97;Emely;Audiologist;16
96;Adalie;Machine Operator;26
95;Maria;CNC Operator;11
94;Cara;Banker;61
93;Violet;Budget Analyst;17
92;Elle;Fabricator;45
91;Henry;Stockbroker;17
90;Daniel;Accountant;55
89;Brad;Bellman;63
88;Nick;Fabricator;48
87;Helen;Clerk;47
86;Lara;Doctor;15
85;Angelica;Auditor;28
84;Maxwell;Design Engineer;54
83;Javier;Fabricator;23
82;Rocco;Budget Analyst;21
81;Logan;CNC Operator;53
80;Amelia;Physician;38
79;Luke;Production Painter;11
78;Lucas;Web Developer;40
77;Maribel;Investment  Advisor;44
76;Rosalee;Call Center Representative;27
75;Alan;Global Logistics Supervisor;26
74;Alba;Staffing Consultant;58
73;Tom;Audiologist;31
72;Mike;Inspector;40
71;Percy;Operator;40
70;Penelope;Physician;13
69;Megan;CNC Operator;28
68;Christine;Designer;45
67;Elijah;Accountant;38
66;Evie;Bellman;32
65;Leroy;IT Support Staff;31
64;Alessandra;Machine Operator;49
63;Enoch;Web Developer;40
62;William;Physician;29
61;Maxwell;Production Painter;69
60;Camila;Chef Manager;48
59;Alexa;Production Painter;12
58;Roger;Cashier;55
57;Barry;Chef Manager;41
56;Ally;Business Broker;67
55;Cynthia;Paramedic;28
54;Anabel;Audiologist;57
53;Eden;CNC Operator;16
52;Ryan;Project Manager;28
51;Carina;Doctor;43
50;Georgia;Clerk;23
49;Carl;Clerk;26
48;Nick;Fabricator;20
47;Chadwick;Webmaster;13
46;Alexander;Pharmacist;69
45;Florence;IT Support Staff;29
44;Manuel;Front Desk Coordinator;39
43;Alan;Baker;12
42;Lynn;Laboratory Technician;49
41;Marvin;Electrician;14
40;Leah;Lecturer;20
39;Logan;Pharmacist;35
38;Tom;Production Painter;50
37;Ema;Baker;48
36;Kimberly;Insurance Broker;24
35;Valerie;Cashier;21
34;Benjamin;HR Coordinator;46
33;Norah;Project Manager;51
32;Percy;Physician;60
31;Jocelyn;Production Painter;52
30;Melania;Pharmacist;56
29;Daron;Stockbroker;51
28;Winnie;Assistant Buyer;10
27;David;CNC Operator;46
26;Gil;Operator;55
25;Analise;Lecturer;35
24;Tiffany;Call Center Representative;60
23;Anthony;Service Supervisor;49
22;Lucas;IT Support Staff;49
21;Javier;Inspector;45
20;Peter;Project Manager;41
19;Ruth;Software Engineer;49
18;Gabriel;Insurance Broker;35
17;Rocco;Paramedic;44
16;Maxwell;Cook;31
15;Johnny;Operator;39
14;Angelica;Baker;46
13;Alison;Mobile Developer;36
12;Cassidy;Call Center Representative;40
11;Kenzie;Clerk;56
10;Mike;Laboratory Technician;40
9;Nate;Clerk;30
8;Alexander;Operator;48
7;Daron;Electrician;55
6;Claire;Investment  Advisor;26
5;Ryan;Dentist;51
4;Fiona;Baker;54
3;Gabriel;IT Support Staff;14
2;Bob;Inspector;20
1;Mandy;Production Painter;62
